{
  "metrics": {
    "accuracy": 0.5910780669144982,
    "precision": 0.5950489289812572,
    "recall": 0.5901001949724131,
    "f1": 0.5922367204230753,
    "kappa": 0.45467278524170207
  },
  "report": {
    "Left": {
      "precision": 0.7727272727272727,
      "recall": 0.7391304347826086,
      "f1-score": 0.7555555555555555,
      "support": 69.0
    },
    "Right": {
      "precision": 0.6129032258064516,
      "recall": 0.5846153846153846,
      "f1-score": 0.5984251968503937,
      "support": 65.0
    },
    "Hands/Up": {
      "precision": 0.4583333333333333,
      "recall": 0.4925373134328358,
      "f1-score": 0.4748201438848921,
      "support": 67.0
    },
    "Feet/Down": {
      "precision": 0.5362318840579711,
      "recall": 0.5441176470588235,
      "f1-score": 0.5401459854014599,
      "support": 68.0
    },
    "accuracy": 0.5910780669144982,
    "macro avg": {
      "precision": 0.5950489289812572,
      "recall": 0.5901001949724131,
      "f1-score": 0.5922367204230753,
      "support": 269.0
    },
    "weighted avg": {
      "precision": 0.5960185611333699,
      "recall": 0.5910780669144982,
      "f1-score": 0.5932113300230334,
      "support": 269.0
    }
  }
}