{"mean": -5.9219373724772595e-06, "std": 8.345091191586107e-05}