{
  "metrics": {
    "accuracy": 0.3611111111111111,
    "precision": 0.36871345029239766,
    "recall": 0.35958498023715413,
    "f1": 0.3566476299257567,
    "kappa": 0.14741134313604343
  },
  "classification_report": {
    "Left": {
      "precision": 0.3684210526315789,
      "recall": 0.45652173913043476,
      "f1-score": 0.4077669902912621,
      "support": 46.0
    },
    "Right": {
      "precision": 0.2222222222222222,
      "recall": 0.18181818181818182,
      "f1-score": 0.2,
      "support": 44.0
    },
    "Hands/Up": {
      "precision": 0.3508771929824561,
      "recall": 0.4444444444444444,
      "f1-score": 0.39215686274509803,
      "support": 45.0
    },
    "Feet/Down": {
      "precision": 0.5333333333333333,
      "recall": 0.35555555555555557,
      "f1-score": 0.4266666666666667,
      "support": 45.0
    },
    "accuracy": 0.3611111111111111,
    "macro avg": {
      "precision": 0.36871345029239766,
      "recall": 0.35958498023715413,
      "f1-score": 0.3566476299257567,
      "support": 180.0
    },
    "weighted avg": {
      "precision": 0.36952566601689407,
      "recall": 0.3611111111111111,
      "f1-score": 0.3578018909829304,
      "support": 180.0
    }
  }
}