{"mean": 6.032101929065448e-09, "std": 1.7772978026187047e-05}