{
  "metrics": {
    "accuracy": 0.3333333333333333,
    "precision": 0.3021350931677018,
    "recall": 0.3285573122529644,
    "f1": 0.2920742009947407,
    "kappa": 0.10846953937592863
  },
  "report": {
    "Left": {
      "precision": 0.425,
      "recall": 0.7391304347826086,
      "f1-score": 0.5396825396825397,
      "support": 23.0
    },
    "Right": {
      "precision": 0.2857142857142857,
      "recall": 0.09090909090909091,
      "f1-score": 0.13793103448275862,
      "support": 22.0
    },
    "Hands/Up": {
      "precision": 0.15,
      "recall": 0.13636363636363635,
      "f1-score": 0.14285714285714285,
      "support": 22.0
    },
    "Feet/Down": {
      "precision": 0.34782608695652173,
      "recall": 0.34782608695652173,
      "f1-score": 0.34782608695652173,
      "support": 23.0
    },
    "accuracy": 0.3333333333333333,
    "macro avg": {
      "precision": 0.3021350931677018,
      "recall": 0.3285573122529644,
      "f1-score": 0.2920742009947407,
      "support": 90.0
    },
    "weighted avg": {
      "precision": 0.3040079365079365,
      "recall": 0.3333333333333333,
      "f1-score": 0.2954448701575138,
      "support": 90.0
    }
  }
}