{"mean": 7.434722171240082e-09, "std": 2.2336333131534047e-05}