{
  "name": "ablation_top32",
  "n_channels": 32,
  "channel_names": [
    "FC1",
    "FCz",
    "FC2",
    "FC4",
    "C3",
    "C1",
    "C6",
    "CP3",
    "CP1",
    "CPz",
    "CP4",
    "CP6",
    "Fpz",
    "AF7",
    "AFz",
    "AF8",
    "F7",
    "F3",
    "Fz",
    "F2",
    "F8",
    "TP7",
    "P5",
    "P3",
    "Pz",
    "P4",
    "P6",
    "POz",
    "PO8",
    "O1",
    "Oz",
    "Iz"
  ],
  "channel_indices": [
    2,
    3,
    4,
    5,
    8,
    9,
    13,
    15,
    16,
    17,
    19,
    20,
    22,
    24,
    26,
    28,
    29,
    31,
    33,
    34,
    37,
    44,
    47,
    48,
    50,
    52,
    53,
    57,
    59,
    60,
    61,
    63
  ],
  "accuracy": 0.51,
  "precision": 0.5153494237206288,
  "recall": 0.509911005737692,
  "f1": 0.5105621966747477,
  "best_epoch": 95,
  "total_params": 153084,
  "norm_mean": 1.1743996886082186e-09,
  "norm_std": 1.9805294869001955e-05
}