{
  "name": "d_diagonal_ur_dl",
  "description": "Diagonal (UR\u2192DL)",
  "targets": [
    [
      0.85,
      0.85
    ],
    [
      -0.85,
      -0.85
    ],
    [
      0.0,
      0.0
    ]
  ],
  "total_steps": 43,
  "reached": 3,
  "total_targets": 3,
  "trajectory": [
    [
      0.0,
      0.0
    ],
    [
      0.0707,
      0.0707
    ],
    [
      0.1414,
      0.1414
    ],
    [
      0.2121,
      0.2121
    ],
    [
      0.2828,
      0.2828
    ],
    [
      0.3535,
      0.3535
    ],
    [
      0.42419999999999997,
      0.42419999999999997
    ],
    [
      0.49489999999999995,
      0.49489999999999995
    ],
    [
      0.5656,
      0.5656
    ],
    [
      0.6363,
      0.6363
    ],
    [
      0.707,
      0.707
    ],
    [
      0.7777,
      0.7777
    ],
    [
      0.707,
      0.707
    ],
    [
      0.6363,
      0.6363
    ],
    [
      0.5656,
      0.5656
    ],
    [
      0.4949,
      0.4949
    ],
    [
      0.4242,
      0.4242
    ],
    [
      0.35350000000000004,
      0.35350000000000004
    ],
    [
      0.28280000000000005,
      0.28280000000000005
    ],
    [
      0.21210000000000007,
      0.21210000000000007
    ],
    [
      0.14140000000000008,
      0.14140000000000008
    ],
    [
      0.07070000000000008,
      0.07070000000000008
    ],
    [
      8.326672684688674e-17,
      8.326672684688674e-17
    ],
    [
      -0.07069999999999992,
      -0.07069999999999992
    ],
    [
      -0.14139999999999991,
      -0.14139999999999991
    ],
    [
      -0.2120999999999999,
      -0.2120999999999999
    ],
    [
      -0.2827999999999999,
      -0.2827999999999999
    ],
    [
      -0.35349999999999987,
      -0.35349999999999987
    ],
    [
      -0.42419999999999985,
      -0.42419999999999985
    ],
    [
      -0.49489999999999984,
      -0.49489999999999984
    ],
    [
      -0.5655999999999999,
      -0.5655999999999999
    ],
    [
      -0.6362999999999999,
      -0.6362999999999999
    ],
    [
      -0.7069999999999999,
      -0.7069999999999999
    ],
    [
      -0.7776999999999998,
      -0.7776999999999998
    ],
    [
      -0.7069999999999999,
      -0.7069999999999999
    ],
    [
      -0.6362999999999999,
      -0.6362999999999999
    ],
    [
      -0.5655999999999999,
      -0.5655999999999999
    ],
    [
      -0.4948999999999999,
      -0.4948999999999999
    ],
    [
      -0.4241999999999999,
      -0.4241999999999999
    ],
    [
      -0.3534999999999999,
      -0.3534999999999999
    ],
    [
      -0.28279999999999994,
      -0.28279999999999994
    ],
    [
      -0.21209999999999996,
      -0.21209999999999996
    ],
    [
      -0.14139999999999997,
      -0.14139999999999997
    ],
    [
      -0.07069999999999997,
      -0.07069999999999997
    ]
  ],
  "timestamps": [
    0.0,
    1.5080158710479736,
    3.0133769512176514,
    4.518730163574219,
    6.0241053104400635,
    7.529041528701782,
    9.033611536026001,
    10.538532495498657,
    12.043092727661133,
    13.547666311264038,
    15.052489280700684,
    16.557040214538574,
    18.061442375183105,
    19.566954135894775,
    21.071786165237427,
    22.576456308364868,
    24.081245183944702,
    25.585959911346436,
    27.090205192565918,
    28.594626426696777,
    30.099825859069824,
    31.604475736618042,
    33.109341859817505,
    34.61320900917053,
    36.11802887916565,
    37.62236046791077,
    39.12636756896973,
    40.630531311035156,
    42.13538885116577,
    43.64034104347229,
    45.14404058456421,
    46.64827108383179,
    48.15288710594177,
    49.65740442276001,
    51.1611909866333,
    52.66550040245056,
    54.17058324813843,
    55.67536473274231,
    57.1788444519043,
    58.683449506759644,
    60.18849015235901,
    61.6932806968689,
    63.19694495201111,
    64.75961828231812
  ],
  "mode": "sim",
  "board": "synthetic",
  "eeg_history": [
    {
      "step": 1,
      "eeg_class": 2,
      "eeg_class_name": "Both Feet",
      "eeg_confidence": 0.388262003660202,
      "action_used": 5,
      "action_name": "up_right",
      "position": [
        0.0707,
        0.0707
      ]
    },
    {
      "step": 2,
      "eeg_class": 2,
      "eeg_class_name": "Both Feet",
      "eeg_confidence": 0.5131883025169373,
      "action_used": 5,
      "action_name": "up_right",
      "position": [
        0.1414,
        0.1414
      ]
    },
    {
      "step": 3,
      "eeg_class": 2,
      "eeg_class_name": "Both Feet",
      "eeg_confidence": 0.3037196099758148,
      "action_used": 5,
      "action_name": "up_right",
      "position": [
        0.2121,
        0.2121
      ]
    },
    {
      "step": 4,
      "eeg_class": 2,
      "eeg_class_name": "Both Feet",
      "eeg_confidence": 0.3255426585674286,
      "action_used": 5,
      "action_name": "up_right",
      "position": [
        0.2828,
        0.2828
      ]
    },
    {
      "step": 5,
      "eeg_class": 2,
      "eeg_class_name": "Both Feet",
      "eeg_confidence": 0.3102426528930664,
      "action_used": 5,
      "action_name": "up_right",
      "position": [
        0.3535,
        0.3535
      ]
    },
    {
      "step": 6,
      "eeg_class": 2,
      "eeg_class_name": "Both Feet",
      "eeg_confidence": 0.5251189470291138,
      "action_used": 5,
      "action_name": "up_right",
      "position": [
        0.42419999999999997,
        0.42419999999999997
      ]
    },
    {
      "step": 7,
      "eeg_class": 2,
      "eeg_class_name": "Both Feet",
      "eeg_confidence": 0.4634712338447571,
      "action_used": 5,
      "action_name": "up_right",
      "position": [
        0.49489999999999995,
        0.49489999999999995
      ]
    },
    {
      "step": 8,
      "eeg_class": 2,
      "eeg_class_name": "Both Feet",
      "eeg_confidence": 0.31657397747039795,
      "action_used": 5,
      "action_name": "up_right",
      "position": [
        0.5656,
        0.5656
      ]
    },
    {
      "step": 9,
      "eeg_class": 2,
      "eeg_class_name": "Both Feet",
      "eeg_confidence": 0.3074253797531128,
      "action_used": 5,
      "action_name": "up_right",
      "position": [
        0.6363,
        0.6363
      ]
    },
    {
      "step": 10,
      "eeg_class": 2,
      "eeg_class_name": "Both Feet",
      "eeg_confidence": 0.37145477533340454,
      "action_used": 5,
      "action_name": "up_right",
      "position": [
        0.707,
        0.707
      ]
    },
    {
      "step": 11,
      "eeg_class": 2,
      "eeg_class_name": "Both Feet",
      "eeg_confidence": 0.3840254843235016,
      "action_used": 5,
      "action_name": "up_right",
      "position": [
        0.7777,
        0.7777
      ]
    },
    {
      "step": 12,
      "eeg_class": 2,
      "eeg_class_name": "Both Feet",
      "eeg_confidence": 0.41969725489616394,
      "action_used": 6,
      "action_name": "down_left",
      "position": [
        0.707,
        0.707
      ]
    },
    {
      "step": 13,
      "eeg_class": 1,
      "eeg_class_name": "Right Hand",
      "eeg_confidence": 0.41452082991600037,
      "action_used": 6,
      "action_name": "down_left",
      "position": [
        0.6363,
        0.6363
      ]
    },
    {
      "step": 14,
      "eeg_class": 3,
      "eeg_class_name": "Tongue",
      "eeg_confidence": 0.3054042458534241,
      "action_used": 6,
      "action_name": "down_left",
      "position": [
        0.5656,
        0.5656
      ]
    },
    {
      "step": 15,
      "eeg_class": 3,
      "eeg_class_name": "Tongue",
      "eeg_confidence": 0.3328622877597809,
      "action_used": 6,
      "action_name": "down_left",
      "position": [
        0.4949,
        0.4949
      ]
    },
    {
      "step": 16,
      "eeg_class": 3,
      "eeg_class_name": "Tongue",
      "eeg_confidence": 0.353684663772583,
      "action_used": 6,
      "action_name": "down_left",
      "position": [
        0.4242,
        0.4242
      ]
    },
    {
      "step": 17,
      "eeg_class": 1,