{
  "no_ica": {
    "1": {
      "accuracy": 76.39,
      "per_class": {
        "0": 81.94444444444444,
        "1": 90.27777777777779,
        "2": 59.72222222222222,
        "3": 73.61111111111111
      },
      "n_train": 288,
      "n_test": 288,
      "ica_artifacts_removed": 0
    },
    "3": {
      "accuracy": 79.86,
      "per_class": {
        "0": 83.33333333333334,
        "1": 97.22222222222221,
        "2": 48.61111111111111,
        "3": 90.27777777777779
      },
      "n_train": 288,
      "n_test": 288,
      "ica_artifacts_removed": 0
    },
    "7": {
      "accuracy": 63.54,
      "per_class": {
        "0": 36.11111111111111,
        "1": 65.27777777777779,
        "2": 59.72222222222222,
        "3": 93.05555555555556
      },
      "n_train": 288,
      "n_test": 288,
      "ica_artifacts_removed": 0
    }
  },
  "with_ica": {
    "1": {
      "accuracy": 73.61,
      "per_class": {
        "0": 86.11111111111111,
        "1": 91.66666666666666,
        "2": 68.05555555555556,
        "3": 48.61111111111111
      },
      "n_train": 288,
      "n_test": 288,
      "ica_artifacts_removed": 2
    },
    "3": {
      "accuracy": 81.6,
      "per_class": {
        "0": 86.11111111111111,
        "1": 95.83333333333334,
        "2": 48.61111111111111,
        "3": 95.83333333333334
      },
      "n_train": 288,
      "n_test": 288,
      "ica_artifacts_removed": 2
    },
    "7": {
      "accuracy": 69.1,
      "per_class": {
        "0": 43.05555555555556,
        "1": 81.94444444444444,
        "2": 59.72222222222222,
        "3": 91.66666666666666
      },
      "n_train": 288,
      "n_test": 288,
      "ica_artifacts_removed": 2
    }
  },
  "comparison": {
    "1": {
      "no_ica": 76.39,
      "with_ica": 73.61,
      "diff": -2.78
    },
    "3": {
      "no_ica": 79.86,
      "with_ica": 81.6,
      "diff": 1.74
    },
    "7": {
      "no_ica": 63.54,
      "with_ica": 69.1,
      "diff": 5.56
    }
  },
  "summary": {
    "avg_no_ica": 73.26,
    "avg_with_ica": 74.77,
    "avg_improvement": 1.51,
    "n_improved": 2,
    "n_degraded": 1,
    "n_subjects": 3,
    "timestamp": "2026-03-17T18:08:27.187144"
  }
}