{
  "metrics": {
    "accuracy": 0.5063761955366631,
    "precision": 0.515295987421741,
    "recall": 0.506572044444386,
    "f1": 0.5041762799956492,
    "kappa": 0.34206254172370953
  },
  "report": {
    "Left": {
      "precision": 0.5627802690582959,
      "recall": 0.5284210526315789,
      "f1-score": 0.5450597176981542,
      "support": 475.0
    },
    "Right": {
      "precision": 0.4353312302839117,
      "recall": 0.592274678111588,
      "f1-score": 0.5018181818181818,
      "support": 466.0
    },
    "Hands/Up": {
      "precision": 0.5335365853658537,
      "recall": 0.37154989384288745,
      "f1-score": 0.4380475594493116,
      "support": 471.0
    },
    "Feet/Down": {
      "precision": 0.5295358649789029,
      "recall": 0.5340425531914894,
      "f1-score": 0.5317796610169492,
      "support": 470.0
    },
    "accuracy": 0.5063761955366631,
    "macro avg": {
      "precision": 0.515295987421741,
      "recall": 0.506572044444386,
      "f1-score": 0.5041762799956492,
      "support": 1882.0
    },
    "weighted avg": {
      "precision": 0.5156017903094554,
      "recall": 0.5063761955366631,
      "f1-score": 0.5042547714200254,
      "support": 1882.0
    }
  }
}