{"mean": 2.966075607346852e-09, "std": 2.0665211195591837e-05}