{
  "accuracy": 0.7733333333333333,
  "precision": 0.7878189280762811,
  "recall": 0.772458976791773,
  "f1": 0.7733382295191388,
  "kappa": 0.6976264665775136,
  "classification_report": {
    "Left": {
      "precision": 0.7529411764705882,
      "recall": 0.8347826086956521,
      "f1-score": 0.7917525773195876,
      "support": 230.0
    },
    "Right": {
      "precision": 0.8238636363636364,
      "recall": 0.6590909090909091,
      "f1-score": 0.7323232323232324,
      "support": 220.0
    },
    "Hands/Up": {
      "precision": 0.675,
      "recall": 0.84375,
      "f1-score": 0.75,
      "support": 224.0
    },
    "Feet/Down": {
      "precision": 0.8994708994708994,
      "recall": 0.7522123893805309,
      "f1-score": 0.8192771084337349,
      "support": 226.0
    },
    "accuracy": 0.7733333333333333,
    "macro avg": {
      "precision": 0.7878189280762811,
      "recall": 0.772458976791773,
      "f1-score": 0.7733382295191388,
      "support": 900.0
    },
    "weighted avg": {
      "precision": 0.7876743265207318,
      "recall": 0.7733333333333333,
      "f1-score": 0.7737453671118226,
      "support": 900.0
    }
  }
}