{
  "accuracy": 0.29777777777777775,
  "precision": 0.30122573692975946,
  "recall": 0.2979811946902655,
  "f1": 0.2943418765530543,
  "kappa": 0.06398104265402849,
  "classification_report": {
    "Left": {
      "precision": 0.30097087378640774,
      "recall": 0.2767857142857143,
      "f1-score": 0.28837209302325584,
      "support": 112.0
    },
    "Right": {
      "precision": 0.27058823529411763,
      "recall": 0.20353982300884957,
      "f1-score": 0.23232323232323232,
      "support": 113.0
    },
    "Hands/Up": {
      "precision": 0.2754491017964072,
      "recall": 0.4107142857142857,
      "f1-score": 0.32974910394265233,
      "support": 112.0
    },
    "Feet/Down": {
      "precision": 0.35789473684210527,
      "recall": 0.3008849557522124,
      "f1-score": 0.3269230769230769,
      "support": 113.0
    },
    "accuracy": 0.29777777777777775,
    "macro avg": {
      "precision": 0.30122573692975946,
      "recall": 0.2979811946902655,
      "f1-score": 0.2943418765530543,
      "support": 450.0
    },
    "weighted avg": {
      "precision": 0.3012835847037077,
      "recall": 0.29777777777777775,
      "f1-score": 0.29427646001114366,
      "support": 450.0
    }
  }
}