{
  "name": "domain_motor_cortex_8_openbci",
  "n_channels": 8,
  "channel_names": [
    "FC3",
    "FCz",
    "FC4",
    "C3",
    "Cz",
    "C4",
    "CP3",
    "CP4"
  ],
  "channel_indices": [
    1,
    3,
    5,
    8,
    10,
    12,
    15,
    19
  ],
  "accuracy": 0.4066666666666667,
  "precision": 0.4170067633444532,
  "recall": 0.4074756181421992,
  "f1": 0.40820602989512317,
  "best_epoch": 94,
  "total_params": 152124,
  "norm_mean": 1.747578304289732e-09,
  "norm_std": 1.884839184640441e-05
}