{
  "targets": [
    [
      0.5,
      0.5
    ],
    [
      -0.5,
      -0.5
    ],
    [
      0.0,
      0.0
    ]
  ],
  "target_radius": 0.15,
  "per_target": [
    {
      "target": [
        0.5,
        0.5
      ],
      "steps": 4,
      "reached": true,
      "final_dist": 0.10719738802788065
    },
    {
      "target": [
        -0.5,
        -0.5
      ],
      "steps": 8,
      "reached": true,
      "final_dist": 0.10719738802788073
    },
    {
      "target": [
        0.0,
        0.0
      ],
      "steps": 3,
      "reached": true,
      "final_dist": 0.1499773482896667
    }
  ],
  "total_steps": 15,
  "reached": 3,
  "trajectory": [
    [
      0.0,
      0.0
    ],
    [
      0.10604999999999999,
      0.10604999999999999
    ],
    [
      0.21209999999999998,
      0.21209999999999998
    ],
    [
      0.31815,
      0.31815
    ],
    [
      0.42419999999999997,
      0.42419999999999997
    ],
    [
      0.31815,
      0.31815
    ],
    [
      0.2121,
      0.2121
    ],
    [
      0.10605000000000002,
      0.10605000000000002
    ],
    [
      2.7755575615628914e-17,
      2.7755575615628914e-17
    ],
    [
      -0.10604999999999996,
      -0.10604999999999996
    ],
    [
      -0.21209999999999996,
      -0.21209999999999996
    ],
    [
      -0.31814999999999993,
      -0.31814999999999993
    ],
    [
      -0.4241999999999999,
      -0.4241999999999999
    ],
    [
      -0.31814999999999993,
      -0.31814999999999993
    ],
    [
      -0.21209999999999996,
      -0.21209999999999996
    ],
    [
      -0.10604999999999996,
      -0.10604999999999996
    ]
  ],
  "timestamps": [
    0.0,
    0.001207113265991211,
    0.05254673957824707,
    0.10418319702148438,
    0.15569233894348145,
    0.7162613868713379,
    0.7679188251495361,
    0.8196370601654053,
    0.8712072372436523,
    0.9228818416595459,
    0.9744095802307129,
    1.026099681854248,
    1.0778107643127441,
    1.6382544040679932,
    1.6896982192993164,
    1.7411155700683594
  ]
}