{
  "action": "left",
  "steps": 5,
  "trajectory": [
    [
      0.0,
      0.0
    ],
    [
      -0.1,
      0.0
    ],
    [
      -0.2,
      0.0
    ],
    [
      -0.30000000000000004,
      0.0
    ],
    [
      -0.4,
      0.0
    ],
    [
      -0.5,
      0.0
    ]
  ],
  "timestamps": [
    0.0,
    0.0011730194091796875,
    0.10300087928771973,
    0.2044966220855713,
    0.30689287185668945,
    0.4088411331176758
  ]
}