{
  "action": "up_right",
  "steps": 3,
  "trajectory": [
    [
      0.0,
      0.0
    ],
    [
      0.10604999999999999,
      0.10604999999999999
    ],
    [
      0.21209999999999998,
      0.21209999999999998
    ],
    [
      0.31815,
      0.31815
    ]
  ],
  "timestamps": [
    0.0,
    0.001123189926147461,
    0.1024627685546875,
    0.20419979095458984
  ]
}