{
  "name": "full_64ch",
  "n_channels": 64,
  "channel_names": [
    "FC5",
    "FC3",
    "FC1",
    "FCz",
    "FC2",
    "FC4",
    "FC6",
    "C5",
    "C3",
    "C1",
    "Cz",
    "C2",
    "C4",
    "C6",
    "CP5",
    "CP3",
    "CP1",
    "CPz",
    "CP2",
    "CP4",
    "CP6",
    "Fp1",
    "Fpz",
    "Fp2",
    "AF7",
    "AF3",
    "AFz",
    "AF4",
    "AF8",
    "F7",
    "F5",
    "F3",
    "F1",
    "Fz",
    "F2",
    "F4",
    "F6",
    "F8",
    "FT7",
    "FT8",
    "T7",
    "T8",
    "T9",
    "T10",
    "TP7",
    "TP8",
    "P7",
    "P5",
    "P3",
    "P1",
    "Pz",
    "P2",
    "P4",
    "P6",
    "P8",
    "PO7",
    "PO3",
    "POz",
    "PO4",
    "PO8",
    "O1",
    "Oz",
    "O2",
    "Iz"
  ],
  "channel_indices": [
    0,
    1,
    2,
    3,
    4,
    5,
    6,
    7,
    8,
    9,
    10,
    11,
    12,
    13,
    14,
    15,
    16,
    17,
    18,
    19,
    20,
    21,
    22,
    23,
    24,
    25,
    26,
    27,
    28,
    29,
    30,
    31,
    32,
    33,
    34,
    35,
    36,
    37,
    38,
    39,
    40,
    41,
    42,
    43,
    44,
    45,
    46,
    47,
    48,
    49,
    50,
    51,
    52,
    53,
    54,
    55,
    56,
    57,
    58,
    59,
    60,
    61,
    62,
    63
  ],
  "accuracy": 0.51,
  "precision": 0.513425613378066,
  "recall": 0.5092936700967985,
  "f1": 0.5084439041820081,
  "best_epoch": 249,
  "total_params": 154364,
  "norm_mean": 1.530028548302198e-09,
  "norm_std": 1.977609827008564e-05
}