{
  "metrics": {
    "accuracy": 0.565356004250797,
    "precision": 0.5806246621531441,
    "recall": 0.5651931138636346,
    "f1": 0.5682232517679345,
    "kappa": 0.4203810672684707
  },
  "report": {
    "Left": {
      "precision": 0.6393805309734514,
      "recall": 0.608421052631579,
      "f1-score": 0.6235167206040992,
      "support": 475.0
    },
    "Right": {
      "precision": 0.6781002638522428,
      "recall": 0.5515021459227468,
      "f1-score": 0.6082840236686391,
      "support": 466.0
    },
    "Hands/Up": {
      "precision": 0.4520766773162939,
      "recall": 0.6008492569002123,
      "f1-score": 0.5159525979945305,
      "support": 471.0
    },
    "Feet/Down": {
      "precision": 0.5529411764705883,
      "recall": 0.5,
      "f1-score": 0.5251396648044693,
      "support": 470.0
    },
    "accuracy": 0.565356004250797,
    "macro avg": {
      "precision": 0.5806246621531441,
      "recall": 0.5651931138636346,
      "f1-score": 0.5682232517679345,
      "support": 1882.0
    },
    "weighted avg": {
      "precision": 0.5805052832756032,
      "recall": 0.565356004250797,
      "f1-score": 0.5682572334909975,
      "support": 1882.0
    }
  }
}