{
  "dataset": "PhysioNet_EEGMMIDB",
  "dataset_type": "P",
  "n_channels": 64,
  "n_times": 1000,
  "n_classes": 4,
  "class_map": {
    "0": "left",
    "1": "right",
    "2": "hands/up",
    "3": "feet/down"
  },
  "heads": 2,
  "depth": 6,
  "emb_size": 40,
  "f1": 20,
  "D": 2,
  "kernel_size": 64,
  "pool1": 8,
  "pool2": 8,
  "flatten": 600,
  "dropout": 0.3,
  "n_subjects": 105,
  "subjects": [
    1,
    2,
    3,
    4,
    5,
    6,
    7,
    8,
    9,
    10,
    11,
    12,
    13,
    14,
    15,
    16,
    17,
    18,
    19,
    20,
    21,
    22,
    23,
    24,
    25,
    26,
    27,
    28,
    29,
    30,
    31,
    32,
    33,
    34,
    35,
    36,
    37,
    38,
    39,
    40,
    41,
    42,
    43,
    44,
    45,
    46,
    47,
    48,
    49,
    50,
    51,
    52,
    53,
    54,
    55,
    56,
    57,
    58,
    59,
    60,
    61,
    62,
    63,
    64,
    65,
    66,
    67,
    68,
    69,
    70,
    71,
    72,
    73,
    74,
    75,
    76,
    77,
    78,
    79,
    80,
    81,
    82,
    83,
    84,
    85,
    86,
    87,
    89,
    90,
    91,
    93,
    94,
    95,
    96,
    97,
    98,
    99,
    101,
    102,
    103,
    105,
    106,
    107,
    108,
    109
  ],
  "norm_mean": 2.966075607346852e-09,
  "norm_std": 2.0665211195591837e-05,
  "augment": true,
  "n_aug": 3,
  "n_seg": 8
}