{
  "name": "domain_motor_cortex_16",
  "n_channels": 16,
  "channel_names": [
    "FC3",
    "FC1",
    "FCz",
    "FC2",
    "FC4",
    "C3",
    "C1",
    "Cz",
    "C2",
    "C4",
    "CP3",
    "CP1",
    "CPz",
    "CP2",
    "CP4",
    "Fz"
  ],
  "channel_indices": [
    1,
    2,
    3,
    4,
    5,
    8,
    9,
    10,
    11,
    12,
    15,
    16,
    17,
    18,
    19,
    33
  ],
  "accuracy": 0.4488888888888889,
  "precision": 0.4618716419833859,
  "recall": 0.4488479894074619,
  "f1": 0.4519543062739495,
  "best_epoch": 158,
  "total_params": 152444,
  "norm_mean": 1.709142605221814e-09,
  "norm_std": 1.889894156192895e-05
}