{
  "targets": [
    [
      0.5,
      0.5
    ],
    [
      -0.5,
      -0.5
    ],
    [
      0.0,
      0.0
    ]
  ],
  "target_radius": 0.15,
  "per_target": [
    {
      "target": [
        0.5,
        0.5
      ],
      "start": [
        0.0,
        0.0
      ],
      "end": [
        0.4037962478610948,
        0.4037962478610948
      ],
      "steps": 8,
      "reached": 