{
  "name": "domain_motor_cortex_32",
  "n_channels": 32,
  "channel_names": [
    "FC5",
    "FC3",
    "FC1",
    "FCz",
    "FC2",
    "FC4",
    "FC6",
    "C5",
    "C3",
    "C1",
    "Cz",
    "C2",
    "C4",
    "C6",
    "CP5",
    "CP3",
    "CP1",
    "CPz",
    "CP2",
    "CP4",
    "CP6",
    "F3",
    "F1",
    "Fz",
    "F2",
    "F4",
    "FT7",
    "P3",
    "P1",
    "Pz",
    "P2",
    "P4"
  ],
  "channel_indices": [
    0,
    1,
    2,
    3,
    4,
    5,
    6,
    7,
    8,
    9,
    10,
    11,
    12,
    13,
    14,
    15,
    16,
    17,
    18,
    19,
    20,
    31,
    32,
    33,
    34,
    35,
    38,
    48,
    49,
    50,
    51,
    52
  ],
  "accuracy": 0.4722222222222222,
  "precision": 0.4772804927986957,
  "recall": 0.473385282714105,
  "f1": 0.4669331496775269,
  "best_epoch": 203,
  "total_params": 153084,
  "norm_mean": 1.8534603851705356e-09,
  "norm_std": 1.915496432047803e-05
}