{
  "subject_id": 4,
  "description": "Diagonal2: center->up_left->down_right->center",
  "targets": [
    "center",
    "up_left",
    "down_right",
    "center"
  ],
  "trajectory": [
    [
      0.0,
      0.0
    ],
    [
      -0.12,
      0.12
    ],
    [
      -0.24,
      0.24
    ],
    [
      -0.36,
      0.36
    ],
    [
      -0.48,
      0.48
    ],
    [
      -0.6,
      0.6
    ],
    [
      -0.48,
      0.48
    ],
    [
      -0.36,
      0.36
    ],
    [
      -0.24,
      0.24
    ],
    [
      -0.12,
      0.12
    ],
    [
      0.0,
      0.0
    ],
    [
      0.12,
      -0.12
    ],
    [
      0.24,
      -0.24
    ],
    [
      0.12,
      -0.24
    ],
    [
      0.24,
      -0.36
    ],
    [
      0.36,
      -0.48
    ],
    [
      0.48,
      -0.6
    ],
    [
      0.6,
      -0.6
    ],
    [
      0.48,
      -0.48
    ],
    [
      0.36,
      -0.36
    ],
    [
      0.24,
      -0.24
    ],
    [
      0.12,
      -0.12
    ],
    [
      0.0,
      0.0
    ]
  ],
  "timestamps": [
    0.0,
    0.20308327674865723,
    0.4049644470214844,
    0.6068308353424072,
    0.80849289894104,
    1.0104384422302246,
    1.2124385833740234,
    1.4141342639923096,
    1.6158084869384766,
    1.8179519176483154,
    2.020111083984375,
    2.222085952758789,
    2.42407488822937,
    2.6258633136749268,
    2.827512741088867,
    3.0294301509857178,
    3.23109769821167,
    3.433037519454956,
    3.634552240371704,
    3.836315155029297,
    4.038331985473633,
    4.239976406097412,
    4.442079544067383
  ],
  "actions": [
    4,
    4,
    4,
    4,
    4,
    7,
    7,
    7,
    7,
    7,
    7,
    7,
    0,
    7,
    7,
    7,
    1,
    4,
    4,
    4,
    4,
    4
  ],
  "total_steps": 22,
  "reached_targets": 4,
  "total_targets": 4,
  "per_target_results": [
    {
      "target_name": "center",
      "target_pos": [
        0.0,
        0.0
      ],
      "steps": 0,
      "reached": true,
      "final_dist": 0.0
    },
    {
      "target_name": "up_left",
      "target_pos": [
        -0.6,
        0.6
      ],
      "steps": 5,
      "reached": true,
      "final_dist": 0.0
    },
    {
      "target_name": "down_right",
      "target_pos": [
        0.6,
        -0.6
      ],
      "steps": 12,
      "reached": true,
      "final_dist": 0.0
    },
    {
      "target_name": "center",
      "target_pos": [
        0.0,
        0.0
      ],
      "steps": 5,
      "reached": true,
      "final_dist": 0.0
    }
  ]
}