{
  "subject_id": 1,
  "description": "Horizontal: center->right->left->center",
  "targets": [
    "center",
    "right",
    "left",
    "center"
  ],
  "trajectory": [
    [
      0.0,
      0.0
    ],
    [
      0.12,
      0.0
    ],
    [
      0.24,
      0.0
    ],
    [
      0.36,
      -0.12
    ],
    [
      0.48,
      -0.12
    ],
    [
      0.6,
      0.0
    ],
    [
      0.6,
      0.12
    ],
    [
      0.72,
      0.0
    ],
    [
      0.6,
      0.0
    ],
    [
      0.48,
      0.0
    ],
    [
      0.36,
      0.0
    ],
    [
      0.24,
      0.0
    ],
    [
      0.12,
      0.0
    ],
    [
      0.0,
      0.0
    ],
    [
      -0.12,
      0.0
    ],
    [
      -0.24,
      0.0
    ],
    [
      -0.36,
      0.0
    ],
    [
      -0.48,
      0.0
    ],
    [
      -0.6,
      0.0
    ],
    [
      -0.72,
      0.0
    ],
    [
      -0.6,
      0.0
    ],
    [
      -0.48,
      0.0
    ],
    [
      -0.36,
      0.0
    ],
    [
      -0.24,
      0.0
    ],
    [
      -0.12,
      0.0
    ],
    [
      0.0,
      -0.12
    ],
    [
      0.0,
      0.0
    ]
  ],
  "timestamps": [
    0.0,
    0.2051379680633545,
    0.4069857597351074,
    0.6085929870605469,
    0.8104321956634521,
    1.012300968170166,
    1.2144675254821777,
    1.4163310527801514,
    1.6181201934814453,
    1.820176601409912,
    2.0222134590148926,
    2.2241854667663574,
    2.426194667816162,
    2.6285035610198975,
    2.830862283706665,
    3.0329089164733887,
    3.234729766845703,
    3.436525583267212,
    3.6382524967193604,
    3.839650869369507,
    4.041516065597534,
    4.243310451507568,
    4.444950342178345,
    4.6466405391693115,
    4.848420858383179,
    5.050055503845215,
    5.2517547607421875
  ],
  "actions": [
    1,
    1,
    7,
    1,
    5,
    2,
    7,
    0,
    0,
    0,
    0,
    0,
    0,
    0,
    0,
    0,
    0,
    0,
    0,
    1,
    1,
    1,
    1,
    1,
    7,
    2
  ],
  "total_steps": 26,
  "reached_targets": 4,
  "total_targets": 4,
  "per_target_results": [
    {
      "target_name": "center",
      "target_pos": [
        0.0,
        0.0
      ],
      "steps": 0,
      "reached": true,
      "final_dist": 0.0
    },
    {
      "target_name": "right",
      "target_pos": [
        0.75,
        0.0
      ],
      "steps": 7,
      "reached": true,
      "final_dist": 0.030000000000000027
    },
    {
      "target_name": "left",
      "target_pos": [
        -0.75,
        0.0
      ],
      "steps": 12,
      "reached": true,
      "final_dist": 0.030000000000000027
    },
    {
      "target_name": "center",
      "target_pos": [
        0.0,
        0.0
      ],
      "steps": 7,
      "reached": true,
      "final_dist": 0.0
    }
  ]
}