{
  "subject_id": 5,
  "description": "Square CW: center->right->down->left->up->center",
  "targets": [
    "center",
    "right",
    "down",
    "left",
    "up",
    "center"
  ],
  "trajectory": [
    [
      0.0,
      0.0
    ],
    [
      0.12,
      0.0
    ],
    [
      0.24,
      0.0
    ],
    [
      0.36,
      0.0
    ],
    [
      0.48,
      0.0
    ],
    [
      0.6,
      0.0
    ],
    [
      0.72,
      0.0
    ],
    [
      0.6,
      -0.12
    ],
    [
      0.48,
      -0.24
    ],
    [
      0.36,
      -0.36
    ],
    [
      0.24,
      -0.48
    ],
    [
      0.12,
      -0.6
    ],
    [
      0.0,
      -0.72
    ],
    [
      -0.12,
      -0.6
    ],
    [
      -0.24,
      -0.48
    ],
    [
      -0.36,
      -0.6
    ],
    [
      -0.48,
      -0.48
    ],
    [
      -0.6,
      -0.36
    ],
    [
      -0.72,
      -0.24
    ],
    [
      -0.72,
      -0.12
    ],
    [
      -0.72,
      0.0
    ],
    [
      -0.6,
      0.12
    ],
    [
      -0.48,
      0.24
    ],
    [
      -0.36,
      0.36
    ],
    [
      -0.24,
      0.48
    ],
    [
      -0.36,
      0.48
    ],
    [
      -0.24,
      0.6
    ],
    [
      -0.12,
      0.72
    ],
    [
      0.0,
      0.72
    ],
    [
      0.0,
      0.6
    ],
    [
      -0.12,
      0.6
    ],
    [
      -0.12,
      0.72
    ],
    [
      -0.12,
      0.6
    ],
    [
      -0.24,
      0.48
    ],
    [
      -0.12,
      0.36
    ],
    [
      -0.12,
      0.24
    ],
    [
      0.0,
      0.12
    ],
    [
      0.0,
      0.0
    ]
  ],
  "timestamps": [
    0.0,
    0.2030024528503418,
    0.4047982692718506,
    0.6066076755523682,
    0.8081998825073242,
    1.0099632740020752,
    1.211754560470581,
    1.41371750831604,
    1.6157097816467285,
    1.8177402019500732,
    2.01973295211792,
    2.2217018604278564,
    2.4237139225006104,
    2.625516414642334,
    2.8276102542877197,
    3.029103994369507,
    3.230520725250244,
    3.432450294494629,
    3.634587049484253,
    3.836261749267578,
    4.038328170776367,
    4.24005913734436,
    4.4420788288116455,
    4.643717050552368,
    4.845619440078735,
    5.047321796417236,
    5.249176502227783,
    5.451102256774902,
    5.652777671813965,
    5.854926824569702,
    6.057077407836914,
    6.259099006652832,
    6.461284160614014,
    6.663270711898804,
    6.865252494812012,
    7.067792892456055,
    7.270002841949463,
    7.471889972686768
  ],
  "actions": [
    1,
    1,
    1,
    1,
    1,
    1,
    6,
    6,
    6,
    6,
    6,
    6,
    4,
    4,
    6,
    4,
    4,
    4,
    2,
    2,
    5,
    5,
    5,
    5,
    0,
    5,
    5,
    1,
    3,
    0,
    2,
    3,
    6,
    7,
    3,
    7,
    3
  ],
  "total_steps": 37,
  "reached_targets": 6,
  "total_targets": 6,
  "per_target_results": [
    {
      "target_name": "center",
      "target_pos": [
        0.0,
        0.0
      ],
      "steps": 0,
      "reached": true,
      "final_dist": 0.0
    },
    {
      "target_name": "right",
      "target_pos": [
        0.75,
        0.0
      ],
      "steps": 6,
      "reached": true,
      "final_dist": 0.030000000000000027
    },
    {
      "target_name": "down",
      "target_pos": [
        0.0,
        -0.75
      ],
      "steps": 6,
      "reached": true,
      "final_dist": 0.030000000000000027
    },
    {
      "target_name": "left",
      "target_pos": [
        -0.75,
        0.0
      ],
      "steps": 8,
      "reached": true,
      "final_dist": 0.030000000000000027
    },
    {
      "target_name": "up",
      "target_pos": [
        0.0,
        0.75
      ],
      "steps": 8,
      "reached": true,
      "final_dist": 0.030000000000000027
    },
    {
      "target_name": "center",
      "target_pos": [
        0.0,
        0.0
      ],
      "steps": 9,
      "reached": true,
      "final_dist": 0.0
    }
  ]
}