{
  "subject_id": 2,
  "description": "Vertical: center->up->down->center",
  "targets": [
    "center",
    "up",
    "down",
    "center"
  ],
  "trajectory": [
    [
      0.0,
      0.0
    ],
    [
      -0.12,
      0.12
    ],
    [
      -0.12,
      0.24
    ],
    [
      -0.12,
      0.36
    ],
    [
      -0.12,
      0.48
    ],
    [
      0.0,
      0.6
    ],
    [
      0.0,
      0.72
    ],
    [
      0.12,
      0.72
    ],
    [
      0.12,
      0.6
    ],
    [
      0.12,
      0.48
    ],
    [
      0.12,
      0.36
    ],
    [
      0.12,
      0.24
    ],
    [
      0.12,
      0.12
    ],
    [
      0.24,
      0.0
    ],
    [
      0.36,
      -0.12
    ],
    [
      0.24,
      -0.24
    ],
    [
      0.12,
      -0.36
    ],
    [
      0.12,
      -0.48
    ],
    [
      0.0,
      -0.6
    ],
    [
      0.0,
      -0.72
    ],
    [
      0.0,
      -0.6
    ],
    [
      0.0,
      -0.48
    ],
    [
      0.0,
      -0.36
    ],
    [
      0.0,
      -0.24
    ],
    [
      0.0,
      -0.12
    ],
    [
      0.0,
      0.0
    ]
  ],
  "timestamps": [
    0.0,
    0.203049898147583,
    0.4051849842071533,
    0.6070549488067627,
    0.808875322341919,
    1.0105340480804443,
    1.212174892425537,
    1.4141895771026611,
    1.6163334846496582,
    1.8184654712677002,
    2.0207481384277344,
    2.222768545150757,
    2.424642324447632,
    2.626411199569702,
    2.8281612396240234,
    3.0300376415252686,
    3.232013463973999,
    3.4341742992401123,
    3.6363377571105957,
    3.838407516479492,
    4.0404322147369385,
    4.242295265197754,
    4.444138050079346,
    4.645863771438599,
    4.847707748413086,
    5.0496203899383545
  ],
  "actions": [
    4,
    2,
    2,
    2,
    5,
    2,
    1,
    3,
    3,
    3,
    3,
    3,
    7,
    7,
    6,
    6,
    3,
    6,
    3,
    2,
    2,
    2,
    2,
    2,
    2
  ],
  "total_steps": 25,
  "reached_targets": 4,
  "total_targets": 4,
  "per_target_results": [
    {
      "target_name": "center",
      "target_pos": [
        0.0,
        0.0
      ],
      "steps": 0,
      "reached": true,
      "final_dist": 0.0
    },
    {
      "target_name": "up",
      "target_pos": [
        0.0,
        0.75
      ],
      "steps": 6,
      "reached": true,
      "final_dist": 0.030000000000000027
    },
    {
      "target_name": "down",
      "target_pos": [
        0.0,
        -0.75
      ],
      "steps": 13,
      "reached": true,
      "final_dist": 0.030000000000000027
    },
    {
      "target_name": "center",
      "target_pos": [
        0.0,
        0.0
      ],
      "steps": 6,
      "reached": true,
      "final_dist": 0.0
    }
  ]
}