{
  "subject_id": 6,
  "description": "Square CCW: center->up->right->down->left->center",
  "targets": [
    "center",
    "up",
    "right",
    "down",
    "left",
    "center"
  ],
  "trajectory": [
    [
      0.0,
      0.0
    ],
    [
      0.0,
      0.12
    ],
    [
      0.0,
      0.24
    ],
    [
      0.0,
      0.36
    ],
    [
      0.0,
      0.48
    ],
    [
      0.0,
      0.6
    ],
    [
      0.0,
      0.72
    ],
    [
      0.12,
      0.6
    ],
    [
      0.24,
      0.48
    ],
    [
      0.36,
      0.36
    ],
    [
      0.48,
      0.24
    ],
    [
      0.6,
      0.12
    ],
    [
      0.72,
      0.0
    ],
    [
      0.6,
      -0.12
    ],
    [
      0.72,
      -0.24
    ],
    [
      0.6,
      -0.36
    ],
    [
      0.48,
      -0.48
    ],
    [
      0.36,
      -0.6
    ],
    [
      0.24,
      -0.72
    ],
    [
      0.12,
      -0.72
    ],
    [
      0.0,
      -0.84
    ],
    [
      -0.12,
      -0.72
    ],
    [
      -0.24,
      -0.6
    ],
    [
      -0.36,
      -0.48
    ],
    [
      -0.48,
      -0.36
    ],
    [
      -0.6,
      -0.24
    ],
    [
      -0.72,
      -0.12
    ],
    [
      -0.72,
      0.0
    ],
    [
      -0.84,
      0.12
    ],
    [
      -0.72,
      0.12
    ],
    [
      -0.6,
      0.12
    ],
    [
      -0.48,
      0.12
    ],
    [
      -0.36,
      0.12
    ],
    [
      -0.24,
      0.12
    ],
    [
      -0.12,
      0.0
    ],
    [
      0.0,
      0.0
    ]
  ],
  "timestamps": [
    0.0,
    0.20306134223937988,
    0.40506720542907715,
    0.6071391105651855,
    0.808912992477417,
    1.0108132362365723,
    1.212629795074463,
    1.4143788814544678,
    1.6162524223327637,
    1.8181188106536865,
    2.0198709964752197,
    2.221479892730713,
    2.423337936401367,
    2.6252498626708984,
    2.8270208835601807,
    3.0289626121520996,
    3.230734348297119,
    3.4327104091644287,
    3.6346828937530518,
    3.836688280105591,
    4.038592338562012,
    4.240550518035889,
    4.442476749420166,
    4.644416332244873,
    4.846266984939575,
    5.048291206359863,
    5.250257730484009,
    5.45217227935791,
    5.65410304069519,
    5.855998516082764,
    6.0579094886779785,
    6.259887933731079,
    6.4616899490356445,
    6.6635003089904785,
    6.865170240402222,
    7.06677508354187
  ],
  "actions": [
    2,
    2,
    2,
    2,
    2,
    2,
    7,
    7,
    7,
    7,
    7,
    7,
    6,
    7,
    6,
    6,
    6,
    6,
    0,
    6,
    4,
    4,
    4,
    4,
    4,
    4,
    2,
    4,
    1,
    1,
    1,
    1,
    1,
    7,
    1
  ],
  "total_steps": 35,
  "reached_targets": 6,
  "total_targets": 6,
  "per_target_results": [
    {
      "target_name": "center",
      "target_pos": [
        0.0,
        0.0
      ],
      "steps": 0,
      "reached": true,
      "final_dist": 0.0
    },
    {
      "target_name": "up",
      "target_pos": [
        0.0,
        0.75
      ],
      "steps": 6,
      "reached": true,
      "final_dist": 0.030000000000000027
    },
    {
      "target_name": "right",
      "target_pos": [
        0.75,
        0.0
      ],
      "steps": 6,
      "reached": true,
      "final_dist": 0.030000000000000027
    },
    {
      "target_name": "down",
      "target_pos": [
        0.0,
        -0.75
      ],
      "steps": 8,
      "reached": true,
      "final_dist": 0.08999999999999997
    },
    {
      "target_name": "left",
      "target_pos": [
        -0.75,
        0.0
      ],
      "steps": 7,
      "reached": true,
      "final_dist": 0.030000000000000027
    },
    {
      "target_name": "center",
      "target_pos": [
        0.0,
        0.0
      ],
      "steps": 8,
      "reached": true,
      "final_dist": 0.0
    }
  ]
}