{
  "subject_id": 3,
  "description": "Diagonal1: center->up_right->down_left->center",
  "targets": [
    "center",
    "up_right",
    "down_left",
    "center"
  ],
  "trajectory": [
    [
      0.0,
      0.0
    ],
    [
      0.12,
      0.12
    ],
    [
      0.24,
      0.24
    ],
    [
      0.36,
      0.36
    ],
    [
      0.48,
      0.48
    ],
    [
      0.6,
      0.6
    ],
    [
      0.48,
      0.48
    ],
    [
      0.36,
      0.36
    ],
    [
      0.24,
      0.24
    ],
    [
      0.12,
      0.12
    ],
    [
      0.0,
      0.0
    ],
    [
      -0.12,
      -0.12
    ],
    [
      -0.24,
      -0.24
    ],
    [
      -0.36,
      -0.36
    ],
    [
      -0.48,
      -0.48
    ],
    [
      -0.6,
      -0.6
    ],
    [
      -0.48,
      -0.48
    ],
    [
      -0.36,
      -0.36
    ],
    [
      -0.24,
      -0.24
    ],
    [
      -0.12,
      -0.12
    ],
    [
      0.0,
      0.0
    ]
  ],
  "timestamps": [
    0.0,
    0.2028367519378662,
    0.4040977954864502,
    0.605832576751709,
    0.8076646327972412,
    1.0094666481018066,
    1.211425542831421,
    1.4130895137786865,
    1.6152126789093018,
    1.817164659500122,
    2.0191831588745117,
    2.2212331295013428,
    2.4232966899871826,
    2.625210762023926,
    2.8272202014923096,
    3.0291173458099365,
    3.231288194656372,
    3.4335572719573975,
    3.635674476623535,
    3.8380329608917236,
    4.039968729019165
  ],
  "actions": [
    5,
    5,
    5,
    5,
    5,
    6,
    6,
    6,
    6,
    6,
    6,
    6,
    6,
    6,
    6,
    5,
    5,
    5,
    5,
    5
  ],
  "total_steps": 20,
  "reached_targets": 4,
  "total_targets": 4,
  "per_target_results": [
    {
      "target_name": "center",
      "target_pos": [
        0.0,
        0.0
      ],
      "steps": 0,
      "reached": true,
      "final_dist": 0.0
    },
    {
      "target_name": "up_right",
      "target_pos": [
        0.6,
        0.6
      ],
      "steps": 5,
      "reached": true,
      "final_dist": 0.0
    },
    {
      "target_name": "down_left",
      "target_pos": [
        -0.6,
        -0.6
      ],
      "steps": 10,
      "reached": true,
      "final_dist": 0.0
    },
    {
      "target_name": "center",
      "target_pos": [
        0.0,
        0.0
      ],
      "steps": 5,
      "reached": true,
      "final_dist": 0.0
    }
  ]
}