{
  "accuracy": 0.635732516590097,
  "precision": 0.649096591111924,
  "recall": 0.6359176735969466,
  "f1": 0.6340467198951116,
  "kappa": 0.5144499264851067,
  "classification_report": {
    "Left": {
      "precision": 0.6914805624483044,
      "recall": 0.676923076923077,
      "f1-score": 0.6841243862520459,
      "support": 2470.0
    },
    "Right": {
      "precision": 0.5423677884615384,
      "recall": 0.7434102141680395,
      "f1-score": 0.6271716469770674,
      "support": 2428.0
    },
    "Hands/Up": {
      "precision": 0.6957274826789839,
      "recall": 0.49143556280587275,
      "f1-score": 0.5760038240917782,
      "support": 2452.0
    },
    "Feet/Down": {
      "precision": 0.6668105308588692,
      "recall": 0.6319018404907976,
      "f1-score": 0.6488870222595549,
      "support": 2445.0
    },
    "accuracy": 0.635732516590097,
    "macro avg": {
      "precision": 0.649096591111924,
      "recall": 0.6359176735969466,
      "f1-score": 0.6340467198951116,
      "support": 9795.0
    },
    "weighted avg": {
      "precision": 0.6494233297713865,
      "recall": 0.635732516590097,
      "f1-score": 0.6341449861154186,
      "support": 9795.0
    }
  }
}