{
  "name": "ablation_top16",
  "n_channels": 16,
  "channel_names": [
    "FCz",
    "FC2",
    "C3",
    "CP3",
    "CP1",
    "CP4",
    "CP6",
    "Fpz",
    "AF8",
    "F7",
    "F8",
    "P5",
    "Pz",
    "P6",
    "POz",
    "O1"
  ],
  "channel_indices": [
    3,
    4,
    8,
    15,
    16,
    19,
    20,
    22,
    28,
    29,
    37,
    47,
    50,
    53,
    57,
    60
  ],
  "accuracy": 0.48777777777777775,
  "precision": 0.49362871785953905,
  "recall": 0.4878130921797354,
  "f1": 0.4894056811105483,
  "best_epoch": 144,
  "total_params": 152444,
  "norm_mean": 1.2455807496536409e-09,
  "norm_std": 2.0183810192975216e-05
}