{
  "subject": "A01T",
  "excluded_components": [
    0
  ],
  "eog_scores": {
    "EOG-left": [
      -0.15764025423132522,
      -0.0010652279826314991,
      0.0002118892576348953,
      -0.0003951988420190424,
      -0.00015821614536728942,
      -0.001045787223335618,
      -0.00012577795869611356,
      -0.0004412033660627201,
      0.0006257280857288382,
      -4.89532800624856e-05,
      -0.0011453695743082629,
      0.00015376632782332112,
      0.0009051317485157972,
      -0.0018876145983417333,
      -0.0010139102860242336,
      0.0012482562468489704,
      -0.00038206734107098367,
      -2.5238954881111176e-07,
      0.00028680246184550976,
      -0.0007824525992563661,
      -0.0001717530485972924
    ],
    "EOG-central": [
      -0.15792969344887345,
      -0.0008624737890545976,
      -2.589720990493305e-05,
      -0.0036094431778942544,
      -0.0007208548373733192,
      0.00014676495947542415,
      0.0002094759378226154,
      -0.001176971158016917,
      0.0008250548443349059,
      -0.0017464590350158146,
      -0.001264997479791742,
      0.00021957103015919792,
      0.0020182349128807582,
      -0.0028231466544801583,
      -0.0052613385733878805,
      0.0008937796254893719,
      -0.00011121457436378667,
      8.884082113434824e-06,
      5.1858250863083796e-05,
      -0.0007843674122105716,
      -0.00048170089347462225
    ],
    "EOG-right": [
      -0.15758324457284056,
      -0.001388580932089398,
      2.1257167060078526e-05,
      -0.0015182248391939514,
      -0.00034399595742872033,
      -0.0011659924168576224,
      -0.0006246254446483484,
      -0.0004210760548056603,
      0.0008508528115060828,
      -0.0028756109691677333,
      -0.001235984108733372,
      0.00030770103026537014,
      0.0014555989381196106,
      0.0011699386144546147,
      -0.0011297694815417933,
      0.0016469270098021266,
      -0.00010786957458769878,
      -0.00017406815692004704,
      -7.553427237645231e-05,
      -0.0006771444767439903,
      -0.0005864141458311017
    ]
  },
  "n_epochs": 288,
  "epoch_event_id": {
    "left_hand": 7,
    "right_hand": 8,
    "foot": 9,
    "tongue": 10
  },
  "sfreq": 250.0
}