{
  "targets": [
    [
      0.5,
      0.5
    ],
    [
      -0.5,
      -0.5
    ],
    [
      0.0,
      0.0
    ]
  ],
  "target_radius": 0.15,
  "per_target": [
    {
      "target": [
        0.5,
        0.5
      ],
      "start": [
        0.0,
        0.0
      ],
      "end": [
        0.4037962478610948,
        0.4037962478610948
      ],
      "steps": 8,
      "reached": 1,
      "final_distance": 0.13605265102601938
    },
    {
      "target": [
        -0.5,
        -0.5
      ],
      "start": [
        0.4037962478610948,
        0.4037962478610948
      ],
      "end": [
        -0.41494264343576287,
        -0.41494264343576287
      ],
      "steps": 15,
      "reached": 1,
      "final_distance": 0.12028926723274835
    },
    {
      "target": [
        0.0,
        0.0
      ],
      "start": [
        -0.41494264343576287,
        -0.41494264343576287
      ],
      "end": [
        -0.10597074905308357,
        -0.10597074905308357
      ],
      "steps": 4,
      "reached": 1,
      "final_distance": 0.1498652705257066
    }
  ],
  "total_steps": 27,
  "reached": 3,
  "trajectory": [
    [
      0.0,
      0.0
    ],
    [
      0.03535,
      0.03535
    ],
    [
      0.0707,
      0.0707
    ],
    [
      0.10605,
      0.10605
    ],
    [
      0.1414,
      0.1414
    ],
    [
      0.18381359409631776,
      0.18381359409631776
    ],
    [
      0.2389493449406355,
      0.2389493449406355
    ],
    [
      0.3106233232001343,
      0.3106233232001343
    ],
    [
      0.4037962478610948,
      0.4037962478610948
    ],
    [
      0.2977462478610948,
      0.2977462478610948
    ],
    [
      0.20843586242628512,
      0.20843586242628512
    ],
    [
      0.1459145465559571,
      0.1459145465559571
    ],
    [
      0.10214679301725396,
      0.10214679301725396
    ],
    [
      0.06679679301725397,
      0.06679679301725397
    ],
    [
      0.03144679301725397,
      0.03144679301725397
    ],
    [
      -0.0039032069827460297,
      -0.0039032069827460297
    ],
    [
      -0.03925320698274603,
      -0.03925320698274603
    ],
    [
      -0.07460320698274603,
      -0.07460320698274603
    ],
    [
      -0.10995320698274602,
      -0.10995320698274602
    ],
    [
      -0.145303206982746,
      -0.145303206982746
    ],
    [
      -0.18888758634525968,
      -0.18888758634525968
    ],
    [
      -0.2455453049950547,
      -0.2455453049950547
    ],
    [
      -0.3191977724513262,
      -0.3191977724513262
    ],
    [
      -0.41494264343576287,
      -0.41494264343576287
    ],
    [
      -0.3088926434357629,
      -0.3088926434357629
    ],
    [
      -0.2162388442984004,
      -0.2162388442984004
    ],
    [
      -0.15137698736820798,
      -0.15137698736820798
    ],
    [
      -0.10597074905308357,
      -0.10597074905308357
    ]
  ]
}