{
  "metrics": {
    "accuracy": 0.32342007434944237,
    "precision": 0.34206373040625676,
    "recall": 0.3257373984885723,
    "f1": 0.31779955115629277,
    "kappa": 0.10073105323096143
  },
  "report": {
    "Left": {
      "precision": 0.3333333333333333,
      "recall": 0.18840579710144928,
      "f1-score": 0.24074074074074073,
      "support": 69.0
    },
    "Right": {
      "precision": 0.2743362831858407,
      "recall": 0.47692307692307695,
      "f1-score": 0.34831460674157305,
      "support": 65.0
    },
    "Hands/Up": {
      "precision": 0.3287671232876712,
      "recall": 0.3582089552238806,
      "f1-score": 0.34285714285714286,
      "support": 67.0
    },
    "Feet/Down": {
      "precision": 0.4318181818181818,
      "recall": 0.27941176470588236,
      "f1-score": 0.3392857142857143,
      "support": 68.0
    },
    "accuracy": 0.32342007434944237,
    "macro avg": {
      "precision": 0.34206373040625676,
      "recall": 0.3257373984885723,
      "f1-score": 0.31779955115629277,
      "support": 269.0
    },
    "weighted avg": {
      "precision": 0.34283602985498135,
      "recall": 0.32342007434944237,
      "f1-score": 0.3170796196734963,
      "support": 269.0
    }
  }
}