{"mean": 2.419194400360425e-09, "std": 1.7908287190948613e-05}