{
  "metrics": {
    "accuracy": 0.3333333333333333,
    "precision": 0.3454609414975269,
    "recall": 0.3344861660079051,
    "f1": 0.31589363017934446,
    "kappa": 0.11213416639263407
  },
  "report": {
    "Left": {
      "precision": 0.38461538461538464,
      "recall": 0.43478260869565216,
      "f1-score": 0.40816326530612246,
      "support": 23.0
    },
    "Right": {
      "precision": 0.45454545454545453,
      "recall": 0.22727272727272727,
      "f1-score": 0.30303030303030304,
      "support": 22.0
    },
    "Hands/Up": {
      "precision": 0.2926829268292683,
      "recall": 0.5454545454545454,
      "f1-score": 0.38095238095238093,
      "support": 22.0
    },
    "Feet/Down": {
      "precision": 0.25,
      "recall": 0.13043478260869565,
      "f1-score": 0.17142857142857143,
      "support": 23.0
    },
    "accuracy": 0.3333333333333333,
    "macro avg": {
      "precision": 0.3454609414975269,
      "recall": 0.3344861660079051,
      "f1-score": 0.31589363017934446,
      "support": 90.0
    },
    "weighted avg": {
      "precision": 0.3448353137377528,
      "recall": 0.3333333333333333,
      "f1-score": 0.31531368102796675,
      "support": 90.0
    }
  }
}