{"mean": -7.712792466918472e-06, "std": 7.562538667116314e-05}