{
  "name": "ablation_top8",
  "n_channels": 8,
  "channel_names": [
    "FCz",
    "FC2",
    "C3",
    "CP3",
    "Fpz",
    "F8",
    "Pz",
    "O1"
  ],
  "channel_indices": [
    3,
    4,
    8,
    15,
    22,
    37,
    50,
    60
  ],
  "accuracy": 0.39,
  "precision": 0.4038155081063244,
  "recall": 0.39043964369362855,
  "f1": 0.3868461476343257,
  "best_epoch": 79,
  "total_params": 152124,
  "norm_mean": 9.303833814477969e-10,
  "norm_std": 1.980283559532836e-05
}