{
  "1": {
    "accuracy": 0.7569444444444444,
    "best_epoch": 47,
    "test_samples": 288
  },
  "2": {
    "accuracy": 0.5972222222222222,
    "best_epoch": 95,
    "test_samples": 288
  },
  "3": {
    "accuracy": 0.8958333333333334,
    "best_epoch": 96,
    "test_samples": 288
  },
  "4": {
    "accuracy": 0.7256944444444444,
    "best_epoch": 96,
    "test_samples": 288
  },
  "5": {
    "accuracy": 0.7083333333333334,
    "best_epoch": 12,
    "test_samples": 288
  },
  "6": {
    "accuracy": 0.5902777777777778,
    "best_epoch": 51,
    "test_samples": 288
  },
  "7": {
    "accuracy": 0.7569444444444444,
    "best_epoch": 83,
    "test_samples": 288
  },
  "8": {
    "accuracy": 0.7777777777777778,
    "best_epoch": 66,
    "test_samples": 288
  },
  "9": {
    "accuracy": 0.75,
    "best_epoch": 55,
    "test_samples": 288
  }
}