{
  "IV-2a": {
    "mean": 72.87808641975309,
    "std": 8.772574685102452,
    "per_subject": [
      75.69444444444444,
      59.72222222222222,
      89.58333333333334,
      72.56944444444444,
      70.83333333333334,
      59.02777777777778,
      75.69444444444444,
      77.77777777777779,
      75.0
    ]
  },
  "IV-2b": {
    "mean": 83.21428571428572,
    "std": 8.347564379252168,
    "per_subject": [
      75.625,
      66.42857142857143,
      83.125,
      77.8125,
      90.3125,
      82.1875,
      91.875,
      93.75,
      87.8125
    ]
  }
}