{
  "subject_id": 1,
  "description": "Horizontal: center->right->left->center",
  "targets": [
    "center",
    "right",
    "left",
    "center"
  ],
  "trajectory": [
    [
      0.0,
      0.0
    ],
    [
      0.25,
      0.0
    ],
    [
      0.5,
      0.0
    ],
    [
      0.75,
      0.0
    ],
    [
      1.0,
      0.0
    ],
    [
      0.75,
      0.0
    ],
    [
      0.5,
      0.0
    ],
    [
      0.25,
      0.0
    ],
    [
      0.0,
      0.0
    ],
    [
      -0.25,
      0.0
    ],
    [
      -0.5,
      0.0
    ],
    [
      -0.75,
      0.0
    ],
    [
      -1.0,
      0.0
    ],
    [
      -0.75,
      0.0
    ],
    [
      -0.5,
      0.0
    ],
    [
      -0.25,
      0.0
    ],
    [
      0.0,
      0.0
    ]
  ],
  "timestamps": [
    0.0,
    0.20502114295959473,
    0.40656518936157227,
    0.6082344055175781,
    0.8098695278167725,
    1.0116972923278809,
    1.2138252258300781,
    1.415536880493164,
    1.6169373989105225,
    1.8184537887573242,
    2.0198328495025635,
    2.2214622497558594,
    2.4233877658843994,
    2.6252341270446777,
    2.826547861099243,
    3.028003692626953,
    3.229447841644287
  ],
  "actions": [
    1,
    1,
    1,
    1,
    0,
    0,
    0,
    0,
    0,
    0,
    0,
    0,
    1,
    1,
    1,
    1
  ],
  "total_steps": 16,
  "reached_targets": 4,
  "total_targets": 4,
  "per_target_results": [
    {
      "target_name": "center",
      "target_pos": [
        0.0,
        0.0
      ],
      "steps": 0,
      "reached": true,
      "final_dist": 0.0
    },
    {
      "target_name": "right",
      "target_pos": [
        1.0,
        0.0
      ],
      "steps": 4,
      "reached": true,
      "final_dist": 0.0
    },
    {
      "target_name": "left",
      "target_pos": [
        -1.0,
        0.0
      ],
      "steps": 8,
      "reached": true,
      "final_dist": 0.0
    },
    {
      "target_name": "center",
      "target_pos": [
        0.0,
        0.0
      ],
      "steps": 4,
      "reached": true,
      "final_dist": 0.0
    }
  ]
}