{
  "subject_id": 5,
  "description": "Square CW: center->right->down->left->up->center",
  "targets": [
    "center",
    "right",
    "down",
    "left",
    "up",
    "center"
  ],
  "trajectory": [
    [
      0.0,
      0.0
    ],
    [
      0.25,
      0.0
    ],
    [
      0.5,
      0.0
    ],
    [
      0.25,
      0.0
    ],
    [
      0.5,
      0.0
    ],
    [
      0.25,
      0.25
    ],
    [
      0.5,
      0.25
    ],
    [
      0.25,
      0.25
    ],
    [
      0.5,
      0.25
    ],
    [
      0.75,
      0.0
    ],
    [
      1.0,
      0.0
    ],
    [
      0.75,
      -0.25
    ],
    [
      0.5,
      -0.5
    ],
    [
      0.25,
      -0.75
    ],
    [
      0.0,
      -1.0
    ],
    [
      -0.25,
      -0.75
    ],
    [
      -0.5,
      -0.5
    ],
    [
      -0.75,
      -0.25
    ],
    [
      -1.0,
      0.0
    ],
    [
      -0.75,
      0.25
    ],
    [
      -0.5,
      0.5
    ],
    [
      -0.25,
      0.75
    ],
    [
      0.0,
      1.0
    ],
    [
      0.0,
      0.75
    ],
    [
      0.0,
      0.5
    ],
    [
      0.0,
      0.25
    ],
    [
      0.0,
      0.0
    ]
  ],
  "timestamps": [
    0.0,
    0.20270633697509766,
    0.40424036979675293,
    0.6058073043823242,
    0.8074178695678711,
    1.008866786956787,
    1.2104976177215576,
    1.411872386932373,
    1.6133556365966797,
    1.8147509098052979,
    2.016174554824829,
    2.217644214630127,
    2.41902232170105,
    2.620621681213379,
    2.8220036029815674,
    3.0234718322753906,
    3.2249157428741455,
    3.4263665676116943,
    3.6277763843536377,
    3.8293144702911377,
    4.030730247497559,
    4.232150554656982,
    4.433593511581421,
    4.635067939758301,
    4.836569547653198,
    5.037959337234497,
    5.239346027374268
  ],
  "actions": [
    1,
    1,
    0,
    1,
    4,
    1,
    0,
    1,
    7,
    1,
    6,
    6,
    6,
    6,
    4,
    4,
    4,
    4,
    5,
    5,
    5,
    5,
    3,
    3,
    3,
    3
  ],
  "total_steps": 26,
  "reached_targets": 6,
  "total_targets": 6,
  "per_target_results": [
    {
      "target_name": "center",
      "target_pos": [
        0.0,
        0.0
      ],
      "steps": 0,
      "reached": true,
      "final_dist": 0.0
    },
    {
      "target_name": "right",
      "target_pos": [
        1.0,
        0.0
      ],
      "steps": 10,
      "reached": true,
      "final_dist": 0.0
    },
    {
      "target_name": "down",
      "target_pos": [
        0.0,
        -1.0
      ],
      "steps": 4,
      "reached": true,
      "final_dist": 0.0
    },
    {
      "target_name": "left",
      "target_pos": [
        -1.0,
        0.0
      ],
      "steps": 4,
      "reached": true,
      "final_dist": 0.0
    },
    {
      "target_name": "up",
      "target_pos": [
        0.0,
        1.0
      ],
      "steps": 4,
      "reached": true,
      "final_dist": 0.0
    },
    {
      "target_name": "center",
      "target_pos": [
        0.0,
        0.0
      ],
      "steps": 4,
      "reached": true,
      "final_dist": 0.0
    }
  ]
}