{
  "subject_id": 2,
  "description": "Vertical: center->up->down->center",
  "targets": [
    "center",
    "up",
    "down",
    "center"
  ],
  "trajectory": [
    [
      0.0,
      0.0
    ],
    [
      0.0,
      0.25
    ],
    [
      0.0,
      0.5
    ],
    [
      0.0,
      0.75
    ],
    [
      0.0,
      1.0
    ],
    [
      0.0,
      0.75
    ],
    [
      0.0,
      0.5
    ],
    [
      0.0,
      0.25
    ],
    [
      0.0,
      0.0
    ],
    [
      0.0,
      -0.25
    ],
    [
      0.0,
      -0.5
    ],
    [
      0.0,
      -0.75
    ],
    [
      0.0,
      -1.0
    ],
    [
      0.25,
      -1.0
    ],
    [
      0.25,
      -0.75
    ],
    [
      0.25,
      -0.5
    ],
    [
      0.0,
      -0.25
    ],
    [
      0.0,
      0.0
    ]
  ],
  "timestamps": [
    0.0,
    0.20247626304626465,
    0.4040834903717041,
    0.6055760383605957,
    0.8071784973144531,
    1.0088427066802979,
    1.2102677822113037,
    1.4119772911071777,
    1.6137638092041016,
    1.81544828414917,
    2.016883373260498,
    2.2184503078460693,
    2.42000675201416,
    2.6214311122894287,
    2.8228681087493896,
    3.0242910385131836,
    3.2256627082824707,
    3.42702579498291
  ],
  "actions": [
    2,
    2,
    2,
    2,
    3,
    3,
    3,
    3,
    3,
    3,
    3,
    3,
    1,
    2,
    2,
    4,
    2
  ],
  "total_steps": 17,
  "reached_targets": 4,
  "total_targets": 4,
  "per_target_results": [
    {
      "target_name": "center",
      "target_pos": [
        0.0,
        0.0
      ],
      "steps": 0,
      "reached": true,
      "final_dist": 0.0
    },
    {
      "target_name": "up",
      "target_pos": [
        0.0,
        1.0
      ],
      "steps": 4,
      "reached": true,
      "final_dist": 0.0
    },
    {
      "target_name": "down",
      "target_pos": [
        0.0,
        -1.0
      ],
      "steps": 8,
      "reached": true,
      "final_dist": 0.0
    },
    {
      "target_name": "center",
      "target_pos": [
        0.0,
        0.0
      ],
      "steps": 5,
      "reached": true,
      "final_dist": 0.0
    }
  ]
}