{
  "subjects": {
    "1": {
      "mean": 0.5590404629707336,
      "std": 0.009433806153134234
    },
    "2": {
      "mean": 0.4114992320537567,
      "std": 0.03753913017555703
    },
    "3": {
      "mean": 0.632008957862854,
      "std": 0.042883536559240654
    },
    "4": {
      "mean": 0.47928033471107484,
      "std": 0.04583121464185578
    },
    "5": {
      "mean": 0.6249474883079529,
      "std": 0.03089147963214411
    },
    "6": {
      "mean": 0.39401798248291015,
      "std": 0.04267617139520446
    },
    "7": {
      "mean": 0.6058020710945129,
      "std": 0.05736415395427667
    },
    "8": {
      "mean": 0.6701498985290527,
      "std": 0.04491841893565777
    },
    "9": {
      "mean": 0.6527286171913147,
      "std": 0.027496756030195108
    }
  },
  "overall_mean": 0.5588305605782402,
  "overall_std": 0.09907330482302847
}